WalletAddress,Group
0xf55e4d10AF7CfE7FC822285b9B25e7af883380c6,RecentOpUser
0x214a33Ad7cF5010Fc8CEE8D501B0CA20C12FdF9e,RecentOpUser
0x762cB991fa0A274999EbA2150778C0EFD45f6E4A,RecentOpUser
0x4156EDbAFC5091507dE2dD2a53dEd551a346f83b,RecentOpUser
0xDbd300Eba0F755Bb06DA769A4E1A84E4330068AF,RecentOpUser
0xE42aCe1D1e686e9245F74795DA3433aec452Fd75,RecentOpUser
0xD8d73969CaEDdb6b313c43168544eC802b65dB37,RecentOpUser
0xEbe80f029b1c02862B9E8a70a7e5317C06F62Cae,RecentOpUser
0x2D2cC0eB095e43204E0C087E07Dbf95909650939,RecentOpUser
0xbBF18E915C4E95c4140445edF9F6a53Dd84E0173,RecentOpUser
0xFC0d511Ccd6Dc4c28fD132FFD6e69648555720Db,RecentOpUser
0xA836F92B001C435C9e5D464c8adbE69DDA9930Bc,RecentOpUser
0x594Dd4d1Cf8A3BdeA0187Fd1f91A1Fe031D420Cf,RecentOpUser
0x68d98BEA88E5152C915611bA11E0657d19AA9dED,RecentOpUser
0x4E8BB4aD5B5b44D5C78e91bD73612ad0FC99ea9a,RecentOpUser
0xC8373EDFaD6d5C5f600b6b2507F78431C5271fF5,RecentOpUser
0x79898785198914E6e9aDddc3E142CdA7e1174128,RecentOpUser
0xf491d040110384DBcf7F241fFE2A546513fD873d,RecentOpUser
0x45BB0AfF58536C3bC50E33cF1056573533EcE369,RecentOpUser
0x402EBC68fe9A8ecb19115B9d46ddC0f87A0A8621,RecentOpUser
0x5fe5256a5dd4e30ad3106F97ac101b1d3b4c1317,RecentOpUser
0x7Dd2be525d829d383Cc9c91912ADccEBc254998c,RecentOpUser
0x81E509B929414434eE6F6bdB9F85F3703067cc1B,RecentOpUser
0xCDB49b0bE40e3605A098E5c97005910Cc9F2106A,RecentOpUser
0x98f1d35bB3A4570AeAa601aA3eB54d8fc7aB37e1,RecentOpUser
0x85147cD2D2E02ab176D85964E787bb2a0879cE8D,RecentOpUser
0x85E38523A65a5c9F628c5477033C742da1c218cc,RecentOpUser
0xC185D89F3E98B906B3Ec8AF1d6EC19cC02fbea78,RecentOpUser
0xd39Cd96F0Ac0C785ca5759766C1efCc6d82Fe6F8,RecentOpUser
0x91b59d2667FF31e1453Ea1e3fbABB037E67D3992,RecentOpUser
0xFA011d8d6C26F13Abe2CEFEd38226E401B2b8a99,RecentOpUser
0xB1f0D485227DbeCFf6F1c0F28a58bBa1a97D4D81,RecentOpUser
0x84fA7bf6bEc68d460067d98cAD37d68028C160D9,RecentOpUser
0x0711fE03A256E2e80162262C1BBdA715F03B9bF4,RecentOpUser
0xd3043dc6b2672d1B0cc48D95E5f326186b3c76DD,RecentOpUser
0x277Fa632719008A76b9Cc40b4F37421460F928aB,RecentOpUser
0x4F2fC9E8464161F0B7ee6C7357F4b789DBD2169E,RecentOpUser
0xc68B60EFbb0cB223708c40ee9C264EDf04378951,RecentOpUser
0x378097a15428ff5531F2Bd8DC96e8F94EE3754fA,RecentOpUser
0xE2F087785a79c6332Ee2d7e28e2955A60dB7095F,RecentOpUser
0x5bdf85216ec1e38D6458C870992A69e38e03F7Ef,RecentOpUser
0xDD6483d981eD6E8AD739Cac7E51CFaB6Eb85e34a,RecentOpUser
0x12641aE0E159c560A6d6731feAC64CC494e1d140,RecentOpUser
0xEA080F268D478da08F95C174374e4f0B374044a5,RecentOpUser
0x3B9d2F1d0D9934F31Ea294ae916C155B93F417C6,RecentOpUser
0x64b7a7aE5b9Fafd8cB20F57c77b1A050aF49DB10,RecentOpUser
0x074a9eD58d11e3f0f589072c99dE86F80971A844,RecentOpUser
0xB8FF877ed78Ba520Ece21B1de7843A8a57cA47Cb,RecentOpUser
0x8CFc4459394801D2EA78F9cEeB31a7f58B8CdDDe,RecentOpUser
0xBb37CA7128A6eD57557C31013900BF978211BFD4,RecentOpUser
0x2539ffc9DeD82926A5AAEe065E800C7d1DE02454,RecentOpUser
0xA35c949f8dFa0987FB7009683Ed4B27F3763EE87,RecentOpUser
0x4399fa85585F90DA110d5BA150fF96C763bc0Aba,RecentOpUser
0x152474f670E46182cA00dc4D7294E9D453f18317,RecentOpUser
0xa3F67B69cCaB3D32dB3C3539d49d169F7F252ee7,RecentOpUser
0xc5a53b78734284D683d623C5C06D2e646abCec3f,RecentOpUser
0xdE9a7241a13A83e7cc5039aaa684DB0aFb7EB0Dc,RecentOpUser
0x850588b10E90cbC51eD6F28427e5f841194F8590,RecentOpUser
0xE4eDb277e41dc89aB076a1F049f4a3EfA700bCE8,RecentOpUser
0x88eaCcc16E9E9D889327C86Bed6732E00ce01750,RecentOpUser
0x2a11e2035a1116e345D2d8c69202F7ABefACE5FF,RecentOpUser
0x56E5c18D8249d2A4eD74b1c7718D9327dDE1cC68,RecentOpUser
0x5DDf785Ea1911B6A7D0Cb2a5D97f5364efCb05d8,RecentOpUser
0x60c92305cE125B440Ef97439F26396f2F3bEff48,RecentOpUser
0xdA8049e0492fD28cEC24267C02F773F0e99E4b88,RecentOpUser
0x424683888Bc33389c1bc830fBBFF5bc9bC07A36B,RecentOpUser
0x685Ee51518320A6625fA2BB523b2eAb385df68b3,RecentOpUser
0x8A6a17F1A3DA0F407A67BF8E076Ed7F678D85f29,RecentOpUser
0xe4633575FBd4Fa10C36Bd7Dc24bAb7775b0ADad4,RecentOpUser
0x9FdDF8fE316f75e978c5dA979144DfF0590968aF,RecentOpUser
0xf22fe95e4bf11Bf8426271f7A644ed1f88D9E0A8,RecentOpUser
0x822155cD1299f091F0ec88e77D970E84db273189,RecentOpUser
0x61b6a85e524D4B633F81738063833Dc065d4F40B,RecentOpUser
0x8775176d59002A89B7F9358A26C578F83FbA9caf,RecentOpUser
0xd3f160E76b46593E8c62E6e6F57a1a7ab1CF45D1,RecentOpUser
0x7bB67731E1dc56D75beB2d93d52851bb39b6d833,RecentOpUser
0x80C67432656d59144cEFf962E8fAF8926599bCF8,RecentOpUser
0x73Fa41c01077fE85ed557125848c509b013272E0,RecentOpUser
0xFcAb105F670509866592DBe810B01f23eC6168ef,RecentOpUser
0x39Fd396a35EA9FB1Cf35Ba15062Da8AD19d9ec77,RecentOpUser
0x785BcE358E1D65eaE596455F51349257FC278F38,RecentOpUser
0xd2085f9C9Cc7698133462F2933E03D219a923478,RecentOpUser
0x789e99657ceC90D1b1facCf9Ee5D63eD17470F83,RecentOpUser
0x0eC8C155bA8f5AdC4F208e1884f8E09DdbC0BD80,RecentOpUser
0x6aef9642aa23002D0ca110a305b0497412dA2853,RecentOpUser
0x202960E999A751Fb6d7b8ED18a81a5E5BfFD1182,RecentOpUser
0xb9DCE4552F39901c2EF5957726aC541699d7764D,RecentOpUser
0xe280B552A5cd0067d91F6cDB4060F678b460cE63,RecentOpUser
0x3c1d7D7D47eE3201eAF0910B67222A5c8A1443ff,RecentOpUser
0xdD0955D12962044D427753F6C9b6C241d2A7D965,RecentOpUser
0x2bdF9249c350C68a43a9714c1b9153af54751b1C,RecentOpUser
0x87700B152DbbB59ce7F6176c2E7fe578Ba0aB51E,RecentOpUser
0x0aAe1332e2a590bdc66f5b726FEB1D74e39DEa5a,RecentOpUser
0x5c409D5a26b4d04b6838C466fDF152E2CF079a19,RecentOpUser
0xABAdbeD9EE3839304fEB849f41e7D1359ce6c5D3,RecentOpUser
0x5602b566BEcde9DC58867eA51beCC0D9805e15Eb,RecentOpUser
0x5993f025fdAEa9D27209F181228a1b91aD447F38,RecentOpUser
0xEb07070B5B87a07278ca99F132FA5E304fc2E074,RecentOpUser
0xb3c506D60D45Abb917eE10a947749a098b497D3D,RecentOpUser
0x661B7Acca8ebd93AFd349a088e9a9A00053DB1BF,RecentOpUser
0x8d21D34fa0fA590b6D8b8f3DD4eB531F973ABA5c,RecentOpUser
0x0C2952f474D50F8F9764d0537E0f531A316E7286,RecentOpUser
0x491E59c255C790D4e3a53CEC2632524088f1aaA4,RecentOpUser
0x12854790C3509a4AD730Ebc4a61A691347c41695,RecentOpUser
0xef8e3aD8F08929805B61b221Ea49f9e9A04e9553,RecentOpUser
0x9e7a59B3124A482E9f046c00910d22D62c21B272,RecentOpUser
0x21f90Bd3A9E1FD8Ffd5a6cF7A8C29254d0Eb79aF,RecentOpUser
0x3c9d750FAB479C2218a17e516CCe9A55b227Cb2A,RecentOpUser
0x67799576403b6FdFe47751167318ea1A78fC2038,RecentOpUser
0x0d527383AA9c3c7B39c61356534F3Fdc56Ee1eb3,RecentOpUser
0xE48bB442014FAd1ef67fb94B2171e1f6149bc1f4,RecentOpUser
0x02E76Ca155EF710DDf846bD8C8192A7d2e91D9Cf,RecentOpUser
0x08FB419098450E49eFF322081C4dB324cf87cBFE,RecentOpUser
0x74D2eD497F17a620e758d3797A978264611907F7,RecentOpUser
0x013c97481f4bc30CE86C3649C63EcbAFE77b28B2,RecentOpUser
0x44a8c92b0FB8ED1903e7C719a3bA4950B6f6327a,RecentOpUser
0xd972683d7b4Ca8c88c088Cf96022abB4Ad1dD164,RecentOpUser
0xB8FF877ed78Ba520Ece21B1de7843A8a57cA47Cb,RecentOpUser
0x6faf538631F4521457eD761b6020beFd764867dD,RecentOpUser
0x57014Ee84cecB5d58e1D94F73680936c9cc4a785,RecentOpUser
0xECE70AbF2499E2C93AFae1b2093AdC7817756c33,RecentOpUser
0x1234567be29e35585C02b48d8eC04B2b8F4f8048,RecentOpUser
0x2345678A1f4687FD76cdDb2D389Ab6B4Ac69072C,RecentOpUser
0x012345629F688F406cE29f442a9658d9bD072544,RecentOpUser
0x9a9B8DbCd08743Ae0f75eD48eDBB5db75814089b,RecentOpUser
0x02B44d2d429aff8227846EFf67FEa20b720c8645,RecentOpUser
0x978f2476D6aaA35f07e1d96449657f7C06759293,RecentOpUser
0xC865eb005feDa68Ad94a8f357D3C01Fa129E203C,RecentOpUser
0x7216Fd13bD6904A08dCa3f393Bc3908Bb7Ed3ad2,RecentOpUser
0x17841f81e2F043E0a5433Ba5A8f6376C8D91C536,RecentOpUser
0x3fF3C97cA7dCa572111A89Dd165ffB20A1bFb60b,RecentOpUser
0x5e349eca2dc61abcd9dd99ce94d04136151a09ee,Delegate
0x429f9ada43e9f345cbb85ec88681bb70df808892,Delegate
0x406b607644c5d7bfda95963201e45a4c6ab1c159,Delegate
0xa6e8772af29b29b9202a073f8e36f447689beef6,Delegate
0x2b888954421b424c5d3d9ce9bb67c9bd47537d12,Delegate
0x80fc5137886375e7e5c9fbaaf3f1bfcf86bce482,Delegate
0xe93d59cc0bcecfd4ac204827ef67c5266079e2b5,Delegate
0x8ccde64d05a7677d80a5960cb75fb8de486cf98d,Delegate
0x2b7839e74e8a9145e594810508006b3e856088f8,Delegate
0xb1ea5a3e5ea7fa1834d48058ecda26d8c59e8251,Delegate
0xf4b0556b9b6f53e00a1fdd2b0478ce841991d8fa,Delegate
0x46abfe1c972fca43766d6ad70e1c1df72f4bb4d1,Delegate
0x1b686ee8e31c5959d9f5bbd8122a58682788eead,Delegate
0x48a63097e1ac123b1f5a8bbffafa4afa8192fab0,Delegate
0x75536cf4f01c2bfa528f5c74ddc1232db3af3ee5,Delegate
0x8f5415415d9200ccd8523f3ee88f96f476141cc3,Delegate
0x8f07bc36ff569312fdc41f3867d80bbd2fe94b76,Delegate
0x070341aa5ed571f0fb2c4a5641409b1a46b4961b,Delegate
0x3471884f189fd7c63fe8c83601d28ce0cc1b3853,Delegate
0xd1c5980984bdbb0061b842fa81b3d38859850c39,Delegate
0x839395e20bbb182fa440d08f850e6c7a8f6f0780,Delegate
0x8f73be66ca8c79382f72139be03746343bf5faa0,Delegate
0xb074ec6c37659525eef2fb44478077901f878012,Delegate
0xdb5781a835b60110298ff7205d8ef9678ff1f800,Delegate
0x3d2d722b443a5cae8e41877bb7cd649f3650937c,Delegate
0x45a10f35befa4ab841c77860204b133118b7ccae,Delegate
0x6cea573473348367a5f66e0f261bfa25799e6a60,Delegate
0x1dd174bf2e090d0f1b1360ac8905780429b2642b,Delegate
0x13838884271ec954cb036d0b29d404afab5eae2a,Delegate
0x9e5b45e4872de2ee4b6ffbd06b3735501826b032,Delegate
0xc94ae9860b37170c08e51f453f8124a86cd7c0cd,Delegate
0x7ae109a63ff4dc852e063a673b40bed85d22e585,Delegate
0x62a43123fe71f9764f26554b3f5017627996816a,Delegate
0x9cbe5b896d0c24acf41860b9e3df6750c2040a40,Delegate
0xc70abe97baf38782fa479b23311b611d0e82076b,Delegate
0x38e77e487518851f47e8470433d69f3119304d7c,Delegate
0xaa31cb426e2c83cda9c850874d166d7fca836b14,Delegate
0x2a185c8a3c63d7bfe63ad5d950244ffe9d0a4b60,Delegate
0xc420c9d507d0e038bd76383aaadcad576ed0073c,Delegate
0xc420c9d507d0e038bd76383aaadcad576ed0073c,Delegate
0xa3ebc4a674ac613f797b45b4bdc1c1ddab13836a,Delegate
0xe36e5afd431bbfd23598d2c37b018d2bde5eb5e1,Delegate
0x9c8984a1b26ea82ffcc7a4ef058b303a85b7fa25,Delegate
0x34b9422884969b3eeba798723429697053271c8a,Delegate
0x352fb838a3ae9b0ef2f0ebf24191acaf4ab9ecec,Delegate
0x6fd2bd90d50edee139103454116f252f6f5ec928,Delegate
0x3576aafaffe4c07f894447265b391856377157db,Delegate
0x9ff6e05e9c5f4e2f5ed8fd771c98e0c07e933b85,Delegate
0x07963001638c2e8283ef7f3dabf4242eaf5d4f79,Delegate
0x489863b61c625a15c74fb4c21486bacb4a3937ab,Delegate
0x2f30c18491435cb8bf24047d3398167ac327f750,Delegate
0xdc01ea5b6b48187f5aa1e422e90dc01d03217b76,Delegate
0x9b7df3a2df61e72df5c4d565a0e017d7c5c6e532,Delegate
0x4f41877773e44f2275da1942fee898556821bf66,Delegate
0xb7abf554aefd4686639afcf2a653adfda3d9b038,Delegate
0xd23199f1222c418ffc74c385171330b21b16e452,Delegate
0xdab0d648a2a771e6952916a822dddf738b535f5a,Delegate
0xed11e5ea95a5a3440fbaadc4cc404c56d0a5bb04,Delegate
0x01e6b50557ef1a2ca58a621998ace3f278e808b8,Delegate
0x512fce9b07ce64590849115ee6b32fd40ec0f5f3,Delegate
0x7899d9b1181cbb427b0b1be0684c096c260f7474,Delegate
0xdcf7be2ff93e1a7671724598b1526f3a33b1ec25,Delegate
0x94db037207f6fb697dbd33524aadffd108819dc8,Delegate
0x839395e20bbB182fa440d08F850E6c7A8f6F0780,TrustedSeedMember
0x778549Eb292AC98A96a05E122967f22eFA003707,TrustedSeedMember
0x5b7575494b1e28974efe6EA71EC569b34958F72e,TrustedSeedMember
0xCF52f1402e73418BC5E6AccBD246EE8Dfb055605,TrustedSeedMember
0xe32BF4B7b9cB091b04e8500344a578d56b8f2593,TrustedSeedMember
0xDF290293C4A4d6eBe38Fd7085d7721041f927E0a,TrustedSeedMember
0x1DBA1131000664b884A1Ba238464159892252D3a,TrustedSeedMember
0x7d547666209755FB833f9B37EebEa38eBF513Abb,TrustedSeedMember
0xb2821C0DF0c414ff51D3e8033CBA26DF6AaC587b,TrustedSeedMember
0x852B8763ECB27bEdDC190d1792029bc17FD5439a,TrustedSeedMember
0xcf79C7EaEC5BDC1A9e32D099C5D6BdF67E4cF6e8,TrustedSeedMember
0xF8D1d34956cEa24718cf8687588D6FeDbc6d9AA6,TrustedSeedMember
0xB22981bA3FE1De2325935c91a3B717168fB86714,TrustedSeedMember
0xeC952ED8e7c2AA466cac36fD611D2E87Df1243D7,TrustedSeedMember
0xb760FE1bbC4A2752aBCBb28291a57Cb0cA99fF44,TrustedSeedMember
0xF27838B0c3bA2eEe13B6eD3Fe13a90ef7b57a2cc,TrustedSeedMember
0x625236038836CecC532664915BD0399647E7826b,TrustedSeedMember
0xf83775C95A00612D4CAc5053Dd484FfA81BaE0aD,TrustedSeedMember
0x763d7D362B59aeA3858a92a302e18cd41b1252d4,TrustedSeedMember
0x45602BFBA960277bF917C1b2007D1f03d7bd29e4,TrustedSeedMember
0xa2ef65aEcecb83cd1bD3579A8669779099317952,TrustedSeedMember
0xf503017D7baF7FBC0fff7492b751025c6A78179b,TrustedSeedMember
0x5c44E8982fa3C3239C6E3C5be2cc6663c7C9387E,TrustedSeedMember
0x62e4851e88bEC4f5c5EE3Dd347F2C601A18AF1aF,TrustedSeedMember
0x1d921dff757610FbDB0073479e12c0a07d382677,TrustedSeedMember
0xB3e43abf014cb2d8cF8dc3D8C2e62157E6093343,TrustedSeedMember
0x00d18ca9782bE1CaEF611017c2Fbc1a39779A57C,TrustedSeedMember
0x9f2942fF27e40445d3CB2aAD90F84C3a03574F26,TrustedSeedMember
0x701d0ECB3BA780De7b2b36789aEC4493A426010a,TrustedSeedMember
0xe5Ac570506fF6289146CC43626D6Af540Aa67241,TrustedSeedMember
0x05A1ff0a32bc24265BCB39499d0c5D9A6cb2011c,TrustedSeedMember
0x56477ece3C6C96A2d2F11B7Eed0D757b10AFB6a6,TrustedSeedMember
0x66dF5A7715C5D4AfbBFA52435c66aa20733be0d1,TrustedSeedMember
0xaa79B87DC8B046A5E4f7D03F1562D7fe5BF98737,TrustedSeedMember
0x8aA27E90E139d5AB5704df69429341cbCb2d2464,TrustedSeedMember
0x37Ec0203C1Cc3CB574c4144d490F770b86e3b557,TrustedSeedMember
0x9194b1713A8E07Bc47B90Fb7937E28e09b6cd100,TrustedSeedMember
0xfF6d6a7718A234A84f740480Dbb07f6c09cF1cD5,TrustedSeedMember
0x536c7E8F18D09d04697E0d2624b44bBA575388c2,TrustedSeedMember
0xAa01DeC5307CF17F20881A3286dcaA062578cea7,TrustedSeedMember
0x99272DB5353e13c18b711D99d3a8F36ba459f747,TrustedSeedMember
0xC46c67Bb7E84490D7EbdD0b8ecDaca68Cf3823F4,TrustedSeedMember
0x85eD40DbCa94B5BC73c6C7EC7f4eCaaD04A03a22,TrustedSeedMember
0x45e036dA221032D814A8bF0EF46943f83E95b409,TrustedSeedMember
0x5D28FE1e9F895464aab52287d85Ebff32B351674,TrustedSeedMember
0x7944FC7Bd79B25E6fFe24921d88A1f36f22bE843,TrustedSeedMember
0xc7b2f15b62F186DCc69F35CD9Ae833f6de6146ab,TrustedSeedMember
0x27c72e4BD23C910218d8f06C4a1742E06657c874,TrustedSeedMember
0x44DdF3e35Cd2D629d78674FF6BF5b953e2B069fe,TrustedSeedMember
0xA0f780d46F103DB59Cfc5ffeC8B25FfD36940EA7,TrustedSeedMember
0x8Aac40061E258d6e45Fd13E214710ABDF356285a,TrustedSeedMember
0x01891b6583cf33E177c68157c6972E9847487904,TrustedSeedMember
0x85f9c38a44EfB45CeF47cBf510e6e18cDdf2a78A,TrustedSeedMember
0xCF0FA79c915F12592c352FFe35000fda5c96a158,TrustedSeedMember
0x9ac9c636404C8d46D9eb966d7179983Ba5a3941A,TrustedSeedMember
0xb9313E2cA88363f253312BD8Fc25eFe0C5D42c95,TrustedSeedMember
0x8De127aFabA3EC4BcCf5D91bBB68091B5F10954f,TrustedSeedMember
0xCb5Fba4419ABC4D7C11af0C24BA0F2e555407F5b,TrustedSeedMember
0x489aDd7680605f6Fc4806595CD75E65D7F1675Eb,TrustedSeedMember
0xfB2e9D1C95dcd5665eE230352d9973263f822F8a,TrustedSeedMember
0x301605C95acbED7A1fD9C2c0DeEe964e2AFBd0C3,TrustedSeedMember
0x1dF428833f2C9FB1eF098754e5D710432450d706,TrustedSeedMember
0xF23eA0b5F14afcbe532A1df273F7B233EBe41C78,TrustedSeedMember
0xc6b0a4c5BA85d082eCd4Fb05FBF63eb92AC1083a,TrustedSeedMember
0x2fe25372a45D024adE1aDEb9dcE29e4DA1368B35,TrustedSeedMember
0x5acbeb30Fde4049A8FC928F562D9cE5FDAD59D32,TrustedSeedMember
0xB53b0255895c4F9E3a185E484e5B674bCCfbc076,TrustedSeedMember
0x1210Ba92EB82Cc256213C78F0eF9D5212c7034a9,TrustedSeedMember
0x826976d7C600d45FB8287CA1d7c76FC8eb732030,TrustedSeedMember
0x2Ce202Ad36aDb3B7515D2E6ec1395F55298DC230,TrustedSeedMember
0x864f2c20F55d7b6E80e65332C372C855a67be451,TrustedSeedMember
0x6543c99d0e073c140Fd08A741c6cfdcd1449da94,TrustedSeedMember
0x6d3b98452C8F2Dffa0487cE6C66CA3cc3aB01308,TrustedSeedMember
0x2B888954421b424C5D3D9Ce9bB67c9bD47537d12,TrustedSeedMember
0xB20A327C9b4Da091f454B1Ce0E2e4DC5C128b5B4,TrustedSeedMember
0x83E57888cd55C3ea1cfbf0114C963564d81e318d,TrustedSeedMember
0x8758E5741dE847363dD2715a62431cc0cBda4cA6,TrustedSeedMember
0x0Bf920dfE6D36829aB5b0e153857D4CA689E46fB,TrustedSeedMember
0xeFb49ddB9511180aeEfd78Da68eA4977Fe02B0Cb,TrustedSeedMember
0x39c00e3584A2176F55bB31BDc3450889927F5016,TrustedSeedMember
0xE64F06F695De4C4E21BA8F383a2675Fd884Ac720,TrustedSeedMember
0x662ec70531509dF61C8C8e44650c203f0Ab79466,TrustedSeedMember
0x882FD033EeD73Fc184e4a340654190c5a342E984,TrustedSeedMember
0xE73a198e7C07c418D7dcFd42f5E953074aBbD125,TrustedSeedMember
0xa32aECda752cF4EF89956e83d60C04835d4FA867,TrustedSeedMember
0x5A227E2919A49f9d4698e9fd2B318EfCd0f16Bda,TrustedSeedMember
0x94860EA6872d863E91f3Ce3f8cF574Ef0859620b,TrustedSeedMember
0xc89eD88B54fD663b86FFd76f6AD2cDA09d2cE13c,TrustedSeedMember
0x9384EB57f892CCE158c9Ad5446d815Cc7584d42B,TrustedSeedMember
0x2920620b47D51170319A531A2D6D5810610E8C2A,TrustedSeedMember
0xD602D991dc99f6632C9F1E587D93c3c8cE7220B6,TrustedSeedMember
0x6F4A8930Ef9C175eC0F3F63A97686d5c505e0E32,TrustedSeedMember
0xD3F8A83DD0F5C873be0973dbD67Bf0d441aE49d0,TrustedSeedMember
0x8a8fd287f9C0D69c8D749b32e10a1e0A96dedCf3,TrustedSeedMember
0xF0a3b6DaAc28a0fCe094f2Cf264e040373d86F3F,TrustedSeedMember
0x28499c2115299BeFf0c07Fe7574CE7222d891c76,TrustedSeedMember
0x79dE94216395eAFe072B8B50216b5648eDb3f609,TrustedSeedMember
0xf592eE0E3a20Ddd65882E0fE6bFBB4B465A98Ae4,TrustedSeedMember
0xdD505DA2e2A8017f38a715948c6b6A2922ba27f0,TrustedSeedMember
0xdC0046B52e2E38AEe2271B6171ebb65cCD337518,TrustedSeedMember
0xe0144FA05A0d32B5B1De10CcEe7211616B3E3EF0,TrustedSeedMember
0xADB620Ec86EEb3570cc142Bbc4b5556886Cd259B,TrustedSeedMember
0x05D9EEa07cF58F6eD205e4B5CA59a1C98114C459,TrustedSeedMember
0x72E1638bD8cD371Bfb04cF665b749A0E4ae38324,TrustedSeedMember
0x80FE61720fE2BB8B54b028f037189De0b13aa50b,TrustedSeedMember
0xac446dD360716ACef4E930612dCb1f652A98d750,TrustedSeedMember
0xeC8F0E5dE4B6C59Ff3641FD071dc783f146DcA06,TrustedSeedMember
0xa444987a5D2C45150399c5Cec0c8Bf719A6Dea3e,TrustedSeedMember
0x88B353202e61fffeF56bbfbc2748839e7C707e9F,TrustedSeedMember
0xf780eE9f9e50248E7F8433a132a4b0b00B3dA313,TrustedSeedMember
0xB24F31BC22338ff0425F2E16c4902A8Aa307807d,TrustedSeedMember
0x7F93e58A999D85879C2F051619F6879ba771f2Bf,TrustedSeedMember
0x2fEe53687906bA239602eD42CCEee2aC8A4ADa36,TrustedSeedMember
0x29A31e68a5c3b052Ac04A663f1e60a2cf184FF53,TrustedSeedMember
0x2982e755b58DBbB1dF8240748F8976Eb0cd8a3B5,TrustedSeedMember
0xe23e317463FAC259700D95572ee3417Ccbb3cb8C,TrustedSeedMember
0xc131afE6dBD5a71f16D8B292f0B4Ae1aA200DA3f,TrustedSeedMember
0x0f5BD2404EbB70410462C22CAcB062cD285BfC52,TrustedSeedMember
0xEFde6a97AF618AD407211C3D5d494BC257948208,TrustedSeedMember
0x35eEa403F9577CDD7D169833122e25b008326806,TrustedSeedMember
0x8289432ACD5EB0214B1C2526A5EDB480Aa06A9ab,TrustedSeedMember
0xaD2DCb058f10B4e11611F9c1fC0aA1A532E270D6,TrustedSeedMember
0x7d990c17573b9Fe410767723080fcb1734Ff7D5B,TrustedSeedMember
0x1dC96F305645b5Ac12dDa5151eB6704677C7dB12,TrustedSeedMember
0x40Dc654af5cE40C122ffDC679fa8E8ca8b91556A,TrustedSeedMember
0xf8A798764a7c12e031B05C0F4aCde7A950eF71A0,TrustedSeedMember
0xED23B82A6b1b0d2e75b87c01B0FDc7fCfb49f456,TrustedSeedMember
0xc7D0Fd6DD83955B027f0f038c861D7D031c59785,TrustedSeedMember
0xB2d60143097b4F992BfBE955a22dbb2AcD9a8EAb,TrustedSeedMember
0x17a7E7F6A493d137E84B4420575527f6Ef725F8C,TrustedSeedMember
0x7D678b9218aC289e0C9F18c82F546c988BfE3022,TrustedSeedMember
0x196213afd9905777e7D0582E8eDD4cf6870AA1D4,TrustedSeedMember
0x6636A1CCBdf54485067304C1a590DE016DeaD9F0,TrustedSeedMember
0x1308D923E02c38492962D75C26e487ffCdCe821C,TrustedSeedMember
0xeebc0fF65BaEaFBd971fF01b0E28aabD379936Ad,TrustedSeedMember
0x3EB717F284Ea6ef65B9d770694bBC6C7E1b1DD84,TrustedSeedMember
0x02317BB3f16cE21e9239C217B21Bd18Aa24ab0D3,TrustedSeedMember
0x5b0F8D8f47E3fDF7eE1c337AbCA19dBba98524e6,TrustedSeedMember
0x56E9cbe44e612AaD90737fcD911c4756423c533a,TrustedSeedMember
0xdBf4C24BCe4896A2Ea14Ce1e84C5245217E60FA8,TrustedSeedMember
0x9dE0c4bcC1FB8fAaB56Aa04C2E18fB3D8B694bBb,TrustedSeedMember
0x63A32F1595a68E811496D820680B74A5ccA303c5,TrustedSeedMember
0x7710E7e881333Fd3396Ca5966BeD6E72746b612D,TrustedSeedMember
0xfbcd4a6c3Ce9388C079d3D4B2c0FB0766E90604e,TrustedSeedMember
0x224aBa5D489675a7bD3CE07786FAda466b46FA0F,TrustedSeedMember
0xf9EC80A5d637Ff06F14d829f6AdDCa3147A3F691,TrustedSeedMember
0x34aA3F359A9D614239015126635CE7732c18fDF3,TrustedSeedMember
0x874b3e815B02D3DCD5008FDEE96127c16292Ba1f,TrustedSeedMember
0x57F540a736a647EF2d2Ef9Cd823C4a4e655858a4,TrustedSeedMember
0x4194cE73AC3FBBeCE8fFa878c2B5A8C90333E724,TrustedSeedMember
0x8B580433568E521ad351b92b98150c0C65ce69B7,TrustedSeedMember
0x38f80f8f76B1C44B2beeFB63bb561F570fb6ddB6,TrustedSeedMember
0x9F082e184259D2F7089DF5CED36679BB88bfe123,TrustedSeedMember
0xf9299c8663D195481cd54b6F7e32bb45aD1C9a2b,TrustedSeedMember
0x69E3c9f8A735DDCccFBAd2Dabde9963d55202988,TrustedSeedMember
0xE50CefF4eCDe1a76AFc5153A99e5C7F84d1D25c8,TrustedSeedMember
0xC7bF5DA444C923AAA80d77d288e86F3246dd4170,TrustedSeedMember
0x16e8D400eD871fb5E74A2dB3c680838C9D383a26,TrustedSeedMember
0xdf8f53B9f83e611e1154402992c6F6CB7Daf246c,TrustedSeedMember
0xF2283b9c60BDBaF9B0C41b2F52907AF7362a3302,TrustedSeedMember
0xe5F470E376554fB613A43FDe223e40a3bb338765,TrustedSeedMember
0x534a223FB3aA8F774f32907086AD6A0aA554295E,TrustedSeedMember
0x152ad2E12E102aBF64280C5e3d70257EFfb0EDe0,TrustedSeedMember
0xEFCDc3A4164846b7e39C4708a7C816f4459F26bF,TrustedSeedMember
0xd11256d99f8833beE0B99203DDcfe4cd6c823d8D,TrustedSeedMember
0x7221B104fba7701084759FD25FacA19Ac6300855,TrustedSeedMember
0xc91d300D342eC4EBbC61B3AE75dc5D7245109dD9,TrustedSeedMember
0x9959ddA625ba12809849F9b0F44E660C0f136733,TrustedSeedMember
0xA0A1A1736D98C835BD2608ABFE242bA7E65D2126,TrustedSeedMember
0x072e83cdE5c102fDCF32BE328034E1bB2DADCB01,TrustedSeedMember
0x9Aa6Db877742aD8D8c7fE209F561fbd2bE19D5F4,TrustedSeedMember
0xEFA21088F3830cD7d9f526eA268f7AabA34F785F,TrustedSeedMember
0xDF00e071996dE3336899bBd5722592b3D972E788,TrustedSeedMember
0xc154eB56388c8ce13492B3b149D451bb1B42AC5B,TrustedSeedMember
0x9542225b26ae10B4c47625D75DA5123d838b30d8,TrustedSeedMember
0x92b0fd2bd1991b2bdbb1306a719bd45dbfa46768,TrustedSeedMember
0xb19DF2BCe7c036B69b20180413b58012Fa328e58,TrustedSeedMember
0x5B93FF82faaF241c15997ea3975419DDDd8362c5,TrustedSeedMember
0xED77A2406bb16f56a5Dc5CC6D893f6500585A115,TrustedSeedMember
0x9e476f951Dc5aF8E4f7fD02C78f0CD765A25C8C0,TrustedSeedMember
0x8041748a2A16e9B7A3980107f4376774421642c8,TrustedSeedMember
0x57F908C42F5a0e5DBBd3c35a137cC242cF89Add6,TrustedSeedMember
0x181e1ff49CAe7f7c419688FcB9e69aF2f93311da,TrustedSeedMember
0x6432c098bfedA15Dd4d0692C46bDB43091a95171,TrustedSeedMember
0x38Dfd788DB4CFaB7b9Da57b06CfC06C6E0f33C3b,TrustedSeedMember
0x7fCFeb41316C67cA985C652e639367762D5E98dA,TrustedSeedMember
0xc2fB4B3EA53E10c88D193E709A81C4dc7aEC902e,TrustedSeedMember
0xF0dA4128a4ED2eD3fFE5d8618a6E002F338b8E52,TrustedSeedMember
0xD5288ED50a195017E5B30595F65091a7767817a4,TrustedSeedMember
0x5832834966933beC942Bb06a3B55dd1176cbDDD2,TrustedSeedMember
0xd6f5646D9E7FbeE7CC907EB8e12dAFA5378431E6,TrustedSeedMember
0xae9A1Bbd8A53E6BD845D1b493CD174E6B0531eb8,TrustedSeedMember
0x6fD155b9D52F80E8A73a8A2537268602978486e2,TrustedSeedMember
0x63960487872023231e4C3fbdE536c34E2C93De55,TrustedSeedMember
0xed8DB37778804A913670d9367aAf4F043AAd938b,TrustedSeedMember
0xB81E88279F3208001AEdA20689d3E5d818758dbf,TrustedSeedMember
0x52fA3cD7C8926CF515a454658A27d710CF447b2f,TrustedSeedMember
0x1026eFFaE689c49F3655e74DC45C8869E3f6Fd35,TrustedSeedMember
0xB1B7586656116D546033e3bAFF69BFcD6592225E,TrustedSeedMember
0x00432996c5Cf8200CF208200613aec2329be0e39,TrustedSeedMember
0xD70A0999e4AFcD794Ae01dD7194f34D60e5e21F4,TrustedSeedMember
0x177a68f3C836a2a37a3c594CD16004d7B9589476,TrustedSeedMember
0x884Ff907D5fB8BAe239B64AA8aD18bA3f8196038,TrustedSeedMember
0xfE6B3Daf5DB93C8203316956844b3Ae23521a722,TrustedSeedMember
0x7136fbDdD4DFfa2369A9283B6E90A040318011Ca,TrustedSeedMember
0x760C7B2403a9Ee72E704b35ADEcF94e3D42A9D4f,TrustedSeedMember
0x12A63Bd7C98FC55C4402923991685303ca7B75A2,TrustedSeedMember
0x3E7F054563682c42bd4907b88D0DC27557992576,TrustedSeedMember
0xdEe4fBF0b62febe20000826EaeB939E2Cc7876b4,TrustedSeedMember
0xcaff17d5c7C349bE300E93cbAF56bc868ef75982,TrustedSeedMember
0xD91ec22114897E5E68997F77a6182dE3Cb09ba9B,TrustedSeedMember
0x8F942ECED007bD3976927B7958B50Df126FEeCb5,TrustedSeedMember
0x41e235560175A75c49c2e11e0e7A452a81c35808,TrustedSeedMember
0x3b0459C53FD6fC216FEa8817512990c886310386,TrustedSeedMember
0xF35960302a07022aBa880DFFaEC2Fdd64d5BF1c1,TrustedSeedMember
0x33dCb3ec1918b6913C00954d8F40bFc04a5CFd20,TrustedSeedMember
0x4ae70EfbC57Df5F16FC5fA2CcF016887E6312AfB,TrustedSeedMember
0xe621A0B2D4f837Fa2a4d15059dae91EA8D9aa9AC,TrustedSeedMember
0xd0Cdc872439164D46785bb73Eeae91d29f1dae8d,TrustedSeedMember
0x22851c0AB295397AC5d41aF8899dEbf69C641680,TrustedSeedMember
0xd0ef3a2Ae7Fb496C0897400f1be46693B6183B0a,TrustedSeedMember
0x778bc2ea28243a59663B6dE926e5f6a0Cd7B2ac9,TrustedSeedMember
0x33878e070db7f70D2953Fe0278Cd32aDf8104572,TrustedSeedMember
0x9Ef53569800e203C20200256CF134abc675bC8e1,TrustedSeedMember
0x0E76602324bD961E3E928b4BD5DC578b9883dF11,TrustedSeedMember
0x933Fe343746549ac10D471cE4DfA20bAab3EdE86,TrustedSeedMember
0xbcaE3F1Ab2Ac4A82D199720BE78c5a32bb144e8b,TrustedSeedMember
0xEa5F027482561b25CA3E5a5498cBD1E979932774,TrustedSeedMember
0x5303D37018b0e7e6F4fe8C706b7001735e5d430A,TrustedSeedMember
0xaE7f11378dABA3757e9D7691be04285938bE35B5,TrustedSeedMember
0x865c2F85C9fEa1C6Ac7F53de07554D68cB92eD88,TrustedSeedMember
0xca4aD39F872E89Ef23eABd5716363Fc22513E147,TrustedSeedMember
0x1D8a08c8C3Ce0A852Cb4Da902754991759F7F625,TrustedSeedMember
0xAcC89b21449b6CBB5101D5267F730C25E02E2409,TrustedSeedMember
0x7e75c3Fbe3Aa9007d9E93eb948e02329b8b35dfE,TrustedSeedMember
0x66D9dfddC3AD45d6383D5B9e9354F60Bc9D16A8e,TrustedSeedMember
0x22270a0b82CBF0bd80C6E0FaD85342600518e114,TrustedSeedMember
0x76eFa04a76D4662EE3544ac40bbEcBE0Cd196Ad4,TrustedSeedMember
0x1bAeC9d58603F6eAeDdBD66AcC56Db76215FC8D6,TrustedSeedMember
0xcf9Bb70b2f1aCCb846e8B0C665a1Ab5D5D35cA05,TrustedSeedMember
0x40498A25cc21c3412caD6566a19B31019143a02E,TrustedSeedMember
0xEba266c4D218172f884074Df3892F3D800c197e0,TrustedSeedMember
0xcdAEb3bCE9Df386b574F2AeFB06b9a2a156835b4,TrustedSeedMember
0x16B942C119D3e34ff8f801cf68EC6aA26F1dC494,TrustedSeedMember
0x9885a84930E3C8c865A1D3dEBDC204F990BaB7C3,TrustedSeedMember
0xDcdf8164AAF9345E48E747e95B07d2782D09Cb40,TrustedSeedMember
0x6466386897a82cB8c96C8680631dA7489f154004,TrustedSeedMember
0xedb892BBd19188cD2dEf63249d6a657Ac6F98935,TrustedSeedMember
0x784FF72C420e3da4ACCb078A79156615f53E4af0,TrustedSeedMember
0x3eEd07fC683037565E54408a6800c9C3a6f70c45,TrustedSeedMember
0x0668d077Ed4dBD45b3523E4DfFC07197b75519E3,TrustedSeedMember
0xcEAcC735C67217101ABD0FFB46661C42deC366a8,TrustedSeedMember
0x90299EC59b94398a3a31a795Bc585F743d0e5Cc9,TrustedSeedMember
0xFBC56Be13C23c18B6864D062e413da3c7e0f74Fb,TrustedSeedMember
0x47B2c37fFee6e8d71EF9dFbe84eE596571885492,TrustedSeedMember
0x22483Eeb5322608E4E99484F6CA661a6EF09D461,TrustedSeedMember
0x21c9aba2392dD5e15CE74BF9C8685aC4907B5Fab,TrustedSeedMember
0xB6DaCFC9e6443F2546E9285BA4AE6359cDc20727,TrustedSeedMember
0xa81fa36C51C95b52431038352D3D452C5De5E6e8,TrustedSeedMember
0x37341cbb14c5F128A70B149726ad8B2CE6F4C793,TrustedSeedMember
0xA5320F385285942Ff5B852179A96e2c0615F598e,TrustedSeedMember
0xD2FA59811af055e0e94D570EA7F9800c0E5C0428,TrustedSeedMember
0x5B4dF17CA5A3339D722028a585582693742E5B5a,TrustedSeedMember
0x59AE7f21D18b2F5fDC7a99c4fd6dD9E67Cec0Bc9,TrustedSeedMember
0xcaAA39294a02bF3Bf6a806D11d687e244CE56378,TrustedSeedMember
0xE4b9744aa513db29BD09dE2e830a2018d302EF74,TrustedSeedMember
0xb8c2C29ee19D8307cb7255e1Cd9CbDE883A267d5,TrustedSeedMember
0xaDa258b76d3Fce0149946740cD2b6cEaeeA8fA61,TrustedSeedMember
0x0a1751fCF226669952c0BAF7361F90bc274dc03a,TrustedSeedMember
0xfe96D1eD2A4C9E60e0e3030609aF0361A515169e,TrustedSeedMember
0xb08F95dbC639621DbAf48A472AE8Fce0f6f56a6e,TrustedSeedMember
0x2A52309eDF998799C4A8b89324CCAd91848c8676,TrustedSeedMember
0x6Dc43be93a8b5Fd37dC16f24872BaBc6dA5E5e3E,TrustedSeedMember
0xc5C4F3145b252407e25Cfc92DA0FB0Bce2bc3310,TrustedSeedMember
0xF0CdfA126a944849A6e9982253CD5259AfAe0355,TrustedSeedMember
0xBc74cc61c131205E1D71db1854BF25C83C0355e8,TrustedSeedMember
0x5E968e92a1fED01A32bbDD9D20e49Cb8299eAC5b,TrustedSeedMember
0x534D4e82EA7eCA7F62c3fdf6D39A541be95Bf951,TrustedSeedMember
0x7C6264DEAfA9F1F0A55dc6CDD6a03d2598393D9A,TrustedSeedMember
0xB1FbaD53FD06082d884c90dbd66c68613453Bf20,TrustedSeedMember
0xD8D79754008006aE578FF2507091543D12f1D8bC,TrustedSeedMember
0x4318cC449b1cbE6d64dd82E16abE58C79E076C2B,TrustedSeedMember
0x0440DEC91912A3c1De4693cA890C8Ad57697B053,TrustedSeedMember
0x67243d6c3c3bDc2F59D2f74ba1949a02973a529d,TrustedSeedMember
0xB0CCf43adA6CBaA26dcf4907117b496d49f74242,TrustedSeedMember
0x6897abe0fd62b589260784b21f4ca3f78a0d8017,TrustedSeedMember
0x6C965b656C450259a6D4d95A2E68Fb4319EecBc0,TrustedSeedMember
0x5299C7D2b73B6A96231081DabFD54DfCc84feDEB,TrustedSeedMember
0x4428B7079b868e61053DfEfF75c1a3CcDEb42Cbc,TrustedSeedMember
0x6418fc9Ad45ebba33dEFfB42548A682d3dC1d3Cd,TrustedSeedMember
0x6E00136Eac2f2B439f037B976639f90Cc1824DB5,TrustedSeedMember
0xB00784c401D42f03ccbE1e85b9f2a4aE056C7251,TrustedSeedMember
0x9de78B32339df46ab670b0c580bdEc9Ac68acB76,TrustedSeedMember
0x5c95FED053997f30b7Aa69979C208a5D15479f5D,TrustedSeedMember
0x5AC583Feb2b1f288C0A51d6Cdca2e8c814BFE93B,TrustedSeedMember
0x204323A83506CA93eF23731894B450071541E9DF,TrustedSeedMember
0x554c5aF96E9e3c05AEC01ce18221d0DD25975aB4,TrustedSeedMember
0x615b044B6Ccb048532bcF99AAdf619d7fdD2Aa01,TrustedSeedMember
0x18190831552EC91237D68ff94fe9124ccBac4163,TrustedSeedMember
0x9D5A0ec9DCab69075E4fF40B46813f6D952bbD65,TrustedSeedMember
0x0363f3c31076a64b85ceb69a28f958a7c1181cee,TrustedSeedMember
0xC453e07AD5085eE0A9f9BDD03c0f2841A92455f4,TrustedSeedMember
0x39f7E47A5B15a2D28E3e6314aA6BEe450A2546Dc,TrustedSeedMember
0x48A63097E1Ac123b1f5A8bbfFafA4afa8192FaB0,TrustedSeedMember
0xc68e8827FC1Dd3b2bc94Ca8b0228268f16dd6cf6,TrustedSeedMember
0x5Ad3b55625553CEf54D7561cD256658537d54AAd,TrustedSeedMember
0xe89C2545e4e05A79D21351CdEeDa4651ca48DeBc,TrustedSeedMember
0x0F46540678c7e6D2eF983B382CC07Fa815AB148c,TrustedSeedMember
0xB939f2016d648968c2168C50409eD4ff3eA5716c,TrustedSeedMember
0x16D9fd80d8e3f055ba7793794E811712dcbdD9c2,TrustedSeedMember
0x17e33637f6B64E9082Ea499481b6e6EbAE7EEA23,TrustedSeedMember
0x2dd2036C9Db2ADA2739509AF0047c00C8b9291EF,TrustedSeedMember
0x392057e2845DD19Ef14d74EC689B68D3eF61b5c9,TrustedSeedMember
0x83713a1bE5A18750d8370a51f9D6fF39F6b4e815,TrustedSeedMember
0x597F0fDBb96485CD258777248052fF0e4781FE4C,TrustedSeedMember
0xfcfE8f0b4abb3f376FB064daF7A83cce77536891,TrustedSeedMember
0x039a6c851766821990D8281173FCd429e3763886,TrustedSeedMember
0xb525F6b3b5EFCC0C54582de2F08D890F7793e3e4,TrustedSeedMember
0xA4D506434445Bb7303eA34A07bc38484cdC64a95,TrustedSeedMember
0x317bbc1927Be411CD05615d2Ffdf8d320C6C4052,TrustedSeedMember
0x10a84b835C5df26f2A380B3E00bCC84A66cD2d34,TrustedSeedMember
0x6B64c148AE3321fC403Ee90FE576f11679104799,TrustedSeedMember
0xe532bD8FeF1bFa616EfB645e63214bDDF612ED5C,TrustedSeedMember
0x35a6132E12721C6f9475cDD63eaF97f5433aC861,TrustedSeedMember
0x95660B8f62B6372bb8A821872BF957922dE1fe89,TrustedSeedMember
0x89010e1adB2E3E90E7f94245090615c297C733De,TrustedSeedMember
0x0eefc37dba3020531b1b679f0791a44392aa2365,TrustedSeedMember
0xf11704511975cC5908f6dBd89Be922f5C86c1055,TrustedSeedMember
0x6576dcd9F751C99adb07411B22dDda0be7FfE420,TrustedSeedMember
0x81e80B838e04644a93e4F3C701038889d3a1b95e,TrustedSeedMember
0xeEE2E0166e342E0b56fE9d5b76Ce2c8eAdd935B4,TrustedSeedMember
0x2915f137DAb849f0b27Aaab4D0DbD67AAEE3c5f0,TrustedSeedMember
0xcBc473f08a515cD8E612f63A254278879F1eD315,TrustedSeedMember
0xB7805B7b514B4BDBce556772915B2Aa9179507A4,TrustedSeedMember
0x1375847014BA64517210cBFE185808232Cf45d4a,TrustedSeedMember
0x1E975f53956d644868F3eA25690b1bbEda658565,TrustedSeedMember
0xf09c860cAc4119C959ADB58fA4ad9bDdF665875F,TrustedSeedMember
0x809C9f8dd8CA93A41c3adca4972Fa234C28F7714,TrustedSeedMember
0x1E8eE48D0621289297693fC98914DA2EfDcE1477,TrustedSeedMember
0xd1a317989c846E42F64128dAeBd975f857068a8C,TrustedSeedMember
0x1e9a926493fdc4A4B2Aef98fb9FF8D90C27527D1,TrustedSeedMember
0x05a45e7416C77C822e24e9679af29D1f07589b40,TrustedSeedMember
0x7735f817ac266ec4385e3c38df96082dd632895b,TrustedSeedMember
0x9ae494fbac34682c122a1d4e3d6ae1eb5404a469,TrustedSeedMember
0xb950e0e108546743af96eb493d4ff2abc63816db,TrustedSeedMember
0x144c4e5027b69f7798b2b162d924bcae5c149f15,TrustedSeedMember
0x05be06b424448052193d53db8955d246a8dbb98a,TrustedSeedMember
0xa4d338186d93a77b5a82ac8253b79050b0058275,TrustedSeedMember
0xe885626097850ec1c5759d4bc8718c8762c68077,TrustedSeedMember
0x3fa821e3cfb7af05afd94fe13cde71f28d0f310c,TrustedSeedMember
0x1ecc36686f9dd00f892a7b9562db4f0da92409a7,TrustedSeedMember
0x9b231950070308a3930a08020316dbb6999924c2,TrustedSeedMember
0x1409a9ef3450D5d50aAd004f417436e772FbF8fC,TrustedSeedMember
0xdca6F7CB3cF361C8dF8FDE119370F1b21b2fFf63,TrustedSeedMember
0x3E31155a1c17c9F85e74828447aec412090a4622,TrustedSeedMember
0x86df6c44C599E58042475fa64760c4F13cA186C5,TrustedSeedMember
0xa6BBa3FD4493e614C97E1dFc39FD55759AEA4F9A,TrustedSeedMember
0x67434E4F16fb70E59c91b8642522fAC5b0C292C1,TrustedSeedMember
0x721ba19c32051fd8e851a74958c52936516c7fdc,TrustedSeedMember
0xe7358d1805f27BAe1031c37d54e29888c7C87622,TrustedSeedMember
0x3F20a6fE04b3A4b37bBBBea826ae23be56Baed74,TrustedSeedMember
0x9672c0e1639f159334ca1288d4a24deb02117291,TrustedSeedMember
0x7028956e9dBF459775Cc2E071BE4331B711E56Fa,TrustedSeedMember
0x59DDA36bD196Ec849838CE2163E6821f946b37Dc,TrustedSeedMember